customer_id,revenue,age,revenue_zscore,is_outlier_iqr,revenue_capped,is_outlier
1,120.5,28,0.3333337025000408,False,120.5,0
2,450.0,34,0.3333326041664535,False,450.0,0
3,1000000000.0,45,2.999999999999599,True,910.4375,1
5,310.0,52,0.33333307083322805,False,310.0,0
6,95.0,23,0.33333378750006043,False,95.0,0
7,210.5,19,0.3333334024999714,False,210.5,0
8,480.0,38,0.33333250416643034,False,480.0,0
10,50.0,29,0.33333393750009516,False,50.0,0
